BMI组,人数,BMI范围,BMI中位数,首次达标周(中位数)
Q1,52,"[20.7031, 29.4857]",28.7651952263795,12.857142857142858
Q2,52,"[29.4949, 30.4834]",30.0856258249674,12.928571428571429
Q3,51,"[30.4867, 32.2865]",31.28831929,12.714285714285714
Q4,51,"[32.3110, 33.9505]",32.95068027,12.857142857142858
Q5,52,"[33.9760, 45.7143]",35.614437525,13.285714285714286
