BMI组,人数,BMI范围,BMI中位数,首次达标周(中位数)
Q1,52,"[20.7031, 29.4464]",28.7651952263795,12.857142857142858
Q2,53,"[29.4857, 30.4834]",30.078125,12.857142857142858
Q3,50,"[30.4867, 32.3110]",31.3328724074796,12.714285714285714
Q4,52,"[32.3117, 33.9505]",33.03686379677405,12.642857142857142
Q5,52,"[33.9760, 45.7143]",35.65718455,13.357142857142858
